feature,mean_abs_shap
pm25,10.345349
day_of_year,4.098595
pm25_lag_1,4.0548186
pm25_lag_72,1.6460838
pm25_lag_2,1.6377739
pm25_lag_48,1.4216759
station_site_5409,1.3462573
pm25_lag_24,1.3461018
hour,1.0510441
pm25_lag_6,0.8580851
pm25_lag_3,0.7554542
pm25_lag_12,0.67484176
day_of_week,0.6366799
target_month,0.5300645
wind_speed,0.3575957
wind_direction,0.35634974
target_day_of_week,0.22632381
humidity,0.22359103
month,0.21546374
target_hour,0.21191536
station_site_5407,0.16824847
station_site_5406,0.1377006
station_site_5408,0.0817746
is_weekend,0.07072203
station_site_5404,0.038765702
target_is_weekend,0.02826954
station_site_292,0.028243905
